{"cameraMode":{"drawMode":0,"name":"Shaded","section":"Shading Mode"},"sceneLighting":true,"audioPlay":false,"sceneViewState":{"showFog":true,"showMaterialUpdate":false,"showSkybox":true,"showFlares":true,"showImageEffects":true,"showParticleSystems":true},"in2DMode":false,"pivot":{"x":-1.058086633682251,"y":0.1168372631072998,"z":-2.104832649230957},"rotation":{"x":-0.08899413794279099,"y":0.9083513021469116,"z":-0.25022992491722109,"w":-0.3230546712875366},"size":7.5227203369140629,"orthographic":false}